{
  "Use Non-ASCII Font" : false,
  "Tags" : [

  ],
  "Ansi 12 Color" : {
    "Red Component" : 0.43420237302780151,
    "Color Space" : "Calibrated",
    "Blue Component" : 0.69104301929473877,
    "Alpha Component" : 1,
    "Green Component" : 0.56590473651885986
  },
  "Ansi 6 Color" : {
    "Red Component" : 0.30198416113853455,
    "Color Space" : "Calibrated",
    "Blue Component" : 0.45474734902381897,
    "Alpha Component" : 1,
    "Green Component" : 0.48341637849807739
  },
  "Normal Font" : "Monaco 14",
  "Bold Color" : {
    "Red Component" : 0.72378778457641602,
    "Color Space" : "Calibrated",
    "Blue Component" : 0.72799116373062134,
    "Alpha Component" : 1,
    "Green Component" : 0.73772746324539185
  },
  "Ansi 3 Color" : {
    "Red Component" : 0.83306127786636353,
    "Color Space" : "Calibrated",
    "Blue Component" : 0.30180639028549194,
    "Alpha Component" : 1,
    "Green Component" : 0.50180763006210327
  },
  "Ansi 2 Color" : {
    "Red Component" : 0.47679561376571655,
    "Color Space" : "Calibrated",
    "Blue Component" : 0.19350558519363403,
    "Alpha Component" : 1,
    "Green Component" : 0.51718360185623169
  },
  "Right Option Key Sends" : 0,
  "Rows" : 25,
  "Default Bookmark" : "No",
  "Cursor Guide Color" : {
    "Red Component" : 0.64999997615814209,
    "Color Space" : "Calibrated",
    "Blue Component" : 1,
    "Alpha Component" : 0.25,
    "Green Component" : 0.9100000262260437
  },
  "Non-ASCII Anti Aliased" : true,
  "Use Bright Bold" : true,
  "Ansi 10 Color" : {
    "Red Component" : 0.65277564525604248,
    "Color Space" : "Calibrated",
    "Blue Component" : 0.33111697435379028,
    "Alpha Component" : 1,
    "Green Component" : 0.69728922843933105
  },
  "Use Cursor Guide" : false,
  "Ambiguous Double Width" : false,
  "Jobs to Ignore" : [
    "rlogin",
    "ssh",
    "slogin",
    "telnet"
  ],
  "Ansi 15 Color" : {
    "Red Component" : 0.72378778457641602,
    "Color Space" : "Calibrated",
    "Blue Component" : 0.72799116373062134,
    "Alpha Component" : 1,
    "Green Component" : 0.73772746324539185
  },
  "Foreground Color" : {
    "Red Component" : 0.72378778457641602,
    "Color Space" : "Calibrated",
    "Blue Component" : 0.72799116373062134,
    "Alpha Component" : 1,
    "Green Component" : 0.73772746324539185
  },
  "Working Directory" : "\/Users\/mark",
  "Use Tab Color" : false,
  "Blinking Cursor" : false,
  "Disable Window Resizing" : true,
  "Sync Title" : false,
  "Prompt Before Closing 2" : false,
  "BM Growl" : true,
  "Command" : "",
  "Description" : "Default",
  "Mouse Reporting" : true,
  "Screen" : -1,
  "Selection Color" : {
    "Red Component" : 0.72378778457641602,
    "Color Space" : "Calibrated",
    "Blue Component" : 0.72799116373062134,
    "Alpha Component" : 1,
    "Green Component" : 0.73772746324539185
  },
  "Columns" : 80,
  "Idle Code" : 0,
  "Ansi 13 Color" : {
    "Red Component" : 0.63457828760147095,
    "Color Space" : "Calibrated",
    "Blue Component" : 0.67328345775604248,
    "Alpha Component" : 1,
    "Green Component" : 0.4993196427822113
  },
  "Custom Command" : "No",
  "ASCII Anti Aliased" : true,
  "Non Ascii Font" : "Monaco 12",
  "Vertical Spacing" : 1,
  "Use Bold Font" : true,
  "Option Key Sends" : 0,
  "Selected Text Color" : {
    "Red Component" : 0.1039937436580658,
    "Color Space" : "Calibrated",
    "Blue Component" : 0.14433489739894867,
    "Alpha Component" : 1,
    "Green Component" : 0.12928460538387299
  },
  "Background Color" : {
    "Red Component" : 0.1039937436580658,
    "Color Space" : "Calibrated",
    "Blue Component" : 0.14433489739894867,
    "Alpha Component" : 1,
    "Green Component" : 0.12928460538387299
  },
  "Character Encoding" : 4,
  "Ansi 11 Color" : {
    "Red Component" : 0.92229294776916504,
    "Color Space" : "Calibrated",
    "Blue Component" : 0.38143736124038696,
    "Alpha Component" : 1,
    "Green Component" : 0.73312270641326904
  },
  "Use Italic Font" : true,
  "Unlimited Scrollback" : false,
  "Keyboard Map" : {
    "0xf700-0x260000" : {
      "Text" : "[1;6A",
      "Action" : 10
    },
    "0x37-0x40000" : {
      "Text" : "0x1f",
      "Action" : 11
    },
    "0x32-0x40000" : {
      "Text" : "0x00",
      "Action" : 11
    },
    "0xf709-0x20000" : {
      "Text" : "[17;2~",
      "Action" : 10
    },
    "0xf70c-0x20000" : {
      "Text" : "[20;2~",
      "Action" : 10
    },
    "0xf729-0x20000" : {
      "Text" : "[1;2H",
      "Action" : 10
    },
    "0xf72b-0x40000" : {
      "Text" : "[1;5F",
      "Action" : 10
    },
    "0xf705-0x20000" : {
      "Text" : "[1;2Q",
      "Action" : 10
    },
    "0xf703-0x260000" : {
      "Text" : "[1;6C",
      "Action" : 10
    },
    "0xf700-0x220000" : {
      "Text" : "[1;2A",
      "Action" : 10
    },
    "0xf701-0x280000" : {
      "Text" : "0x1b 0x1b 0x5b 0x42",
      "Action" : 11
    },
    "0x38-0x40000" : {
      "Text" : "0x7f",
      "Action" : 11
    },
    "0x33-0x40000" : {
      "Text" : "0x1b",
      "Action" : 11
    },
    "0xf703-0x220000" : {
      "Text" : "[1;2C",
      "Action" : 10
    },
    "0xf701-0x240000" : {
      "Text" : "[1;5B",
      "Action" : 10
    },
    "0xf70d-0x20000" : {
      "Text" : "[21;2~",
      "Action" : 10
    },
    "0xf702-0x260000" : {
      "Text" : "[1;6D",
      "Action" : 10
    },
    "0xf729-0x40000" : {
      "Text" : "[1;5H",
      "Action" : 10
    },
    "0xf706-0x20000" : {
      "Text" : "[1;2R",
      "Action" : 10
    },
    "0x34-0x40000" : {
      "Text" : "0x1c",
      "Action" : 11
    },
    "0xf700-0x280000" : {
      "Text" : "0x1b 0x1b 0x5b 0x41",
      "Action" : 11
    },
    "0x2d-0x40000" : {
      "Text" : "0x1f",
      "Action" : 11
    },
    "0xf70e-0x20000" : {
      "Text" : "[23;2~",
      "Action" : 10
    },
    "0xf702-0x220000" : {
      "Text" : "[1;2D",
      "Action" : 10
    },
    "0xf703-0x280000" : {
      "Text" : "0x1b 0x1b 0x5b 0x43",
      "Action" : 11
    },
    "0xf700-0x240000" : {
      "Text" : "[1;5A",
      "Action" : 10
    },
    "0xf707-0x20000" : {
      "Text" : "[1;2S",
      "Action" : 10
    },
    "0xf70a-0x20000" : {
      "Text" : "[18;2~",
      "Action" : 10
    },
    "0x35-0x40000" : {
      "Text" : "0x1d",
      "Action" : 11
    },
    "0xf70f-0x20000" : {
      "Text" : "[24;2~",
      "Action" : 10
    },
    "0xf703-0x240000" : {
      "Text" : "[1;5C",
      "Action" : 10
    },
    "0xf701-0x260000" : {
      "Text" : "[1;6B",
      "Action" : 10
    },
    "0xf702-0x280000" : {
      "Text" : "0x1b 0x1b 0x5b 0x44",
      "Action" : 11
    },
    "0xf72b-0x20000" : {
      "Text" : "[1;2F",
      "Action" : 10
    },
    "0x36-0x40000" : {
      "Text" : "0x1e",
      "Action" : 11
    },
    "0xf708-0x20000" : {
      "Text" : "[15;2~",
      "Action" : 10
    },
    "0xf701-0x220000" : {
      "Text" : "[1;2B",
      "Action" : 10
    },
    "0xf70b-0x20000" : {
      "Text" : "[19;2~",
      "Action" : 10
    },
    "0xf702-0x240000" : {
      "Text" : "[1;5D",
      "Action" : 10
    },
    "0xf704-0x20000" : {
      "Text" : "[1;2P",
      "Action" : 10
    }
  },
  "Window Type" : 1,
  "Cursor Boost" : 0,
  "Cursor Type" : 2,
  "Background Image Location" : "",
  "Blur" : false,
  "Badge Color" : {
    "Red Component" : 1,
    "Color Space" : "Calibrated",
    "Blue Component" : 0,
    "Alpha Component" : 0.5,
    "Green Component" : 0
  },
  "Blink Allowed" : true,
  "Scrollback Lines" : 1000,
  "Send Code When Idle" : false,
  "Close Sessions On End" : true,
  "Terminal Type" : "xterm-256color",
  "Visual Bell" : true,
  "Flashing Bell" : false,
  "Silence Bell" : false,
  "Unicode Normalization" : 0,
  "Use Underline Color" : false,
  "Ansi 14 Color" : {
    "Red Component" : 0.47394692897796631,
    "Color Space" : "Calibrated",
    "Blue Component" : 0.65990132093429565,
    "Alpha Component" : 1,
    "Green Component" : 0.69651859998703003
  },
  "Background Image Is Tiled" : false,